순위,회사명,15년 매출액,14년 매출액,증감율(%),기업형태,위치
1,삼성전자(주),"135,205,045","137,825,547",-2,유가,경기도 수원시
2,한국전력공사,"58,540,389","57,334,440",2,유가,전라남도 나주시
3,현대자동차㈜,"44,439,694","43,045,875",3,유가,서울 서초구
4,기아자동차(주),"32,699,936","29,850,115",10,유가,서울 서초구
5,LG전자㈜,"28,368,428","29,556,368",-4,유가,서울 영등포구
6,SK에너지㈜,"27,806,930","41,326,470",-33,외감,서울 종로구
7,삼성생명보험(주),"27,013,632","26,885,750",0,유가,서울 서초구
8,GS칼텍스㈜,"26,873,822","38,246,454",-30,외감,서울 강남구
9,삼성디스플레이(주),"26,397,111","24,980,628",6,외감,경기도 용인시
10,엘지디스플레이(주),"25,856,426","25,383,670",2,유가,서울 영등포구
11,(주)포스코,"25,607,221","29,218,854",-12,유가,경상북도 포항시
12,한국가스공사,"25,481,993","36,733,401",-31,유가,대구광역시 동구
13,현대중공업㈜,"24,472,344","23,463,461",4,유가,울산광역시 동구
14,한국토지주택공사,"23,631,360","21,122,139",12,외감,경상남도 진주시
15,삼성화재해상보험㈜,"21,386,421","20,675,276",3,유가,서울 서초구
16,현대모비스㈜,"19,079,257","18,451,687",3,유가,서울 강남구
17,에스케이하이닉스㈜,"18,780,792","16,893,716",11,유가,경기도 이천시
18,에스케이네트웍스㈜,"18,681,721","20,460,418",-9,유가,경기도 수원시
19,S-OIL㈜,"17,890,272","28,557,562",-37,유가,서울 마포구
20,(주)LG화학,"17,334,109","19,675,975",-12,유가,서울 영등포구
21,(주)케이티,"16,942,357","17,435,803",-3,유가,경기도 성남시
22,(주)포스코대우,"16,881,040","19,938,097",-15,유가,인천광역시 연수구
23,롯데쇼핑㈜,"16,177,332","16,111,643",0,유가,서울 중구
24,한화생명보험(주),"15,774,046","14,253,224",11,유가,서울 영등포구
25,현대해상화재보험(주),"14,516,543","13,291,828",9,유가,서울 종로구
26,현대제철(주),"14,479,378","16,032,933",-10,유가,인천광역시 동구
27,동부화재해상보험(주),"13,690,361","12,500,524",10,유가,서울 강남구
28,대우조선해양㈜,"13,366,373","13,842,320",-3,유가,서울 중구
29,농협생명보험(주),"12,874,000","12,413,614",4,외감,서울 서대문구
30,에스케이텔레콤(주),"12,556,979","13,012,644",-4,유가,서울 중구
31,교보생명보험(주),"12,511,421","12,302,555",2,외감,서울 종로구
32,현대오일뱅크㈜,"12,106,787","18,257,993",-34,외감,충청남도 서산시
33,한국지엠(주),"11,937,154","12,918,197",-8,외감,인천광역시 부평구
34,현대글로비스(주),"11,811,512","11,166,759",6,유가,서울 강남구
35,(주)대한항공,"11,308,423","11,680,398",-3,유가,서울 강서구
36,(주)이마트,"11,148,886","10,838,213",3,유가,서울 성동구
37,(주)KB손해보험,"11,003,412","10,704,551",3,유가,서울 강남구
38,(주)엘지유플러스,"10,780,359","10,984,928",-2,유가,서울 용산구
39,현대건설㈜,"10,660,446","10,755,778",-1,유가,서울 종로구
40,한국수력원자력㈜,"10,642,352","9,379,564",13,외감,경상북도 경주시
41,SK종합화학㈜,"10,580,181","15,474,328",-32,외감,울산광역시 남구
42,(주)대우건설,"9,877,475","9,853,092",0,유가,서울 종로구
43,삼성중공업(주),"9,332,927","12,584,243",-26,유가,경기도 성남시
44,지에스건설(주),"9,069,843","8,353,332",9,유가,서울 종로구
45,삼성물산(주),"8,885,125","3,312,659",168,유가,서울 송파구
46,에스케이건설(주),"8,722,582","8,477,334",3,외감,서울 종로구
47,한국도로공사,"8,562,454","7,616,472",12,외감,경상북도 김천시
48,롯데케미칼㈜,"8,471,946","11,194,207",-24,유가,서울 송파구
49,코리안리재보험㈜,"8,406,476","7,954,896",6,유가,서울 종로구
50,한화토탈㈜,"8,275,699","8,804,218",-6,외감,충청남도 서산시
51,대림산업㈜,"8,135,325","7,845,394",4,유가,서울 종로구
52,(주)효성,"8,033,110","8,532,153",-6,유가,서울 마포구
53,현대위아(주),"7,743,358","6,816,996",14,유가,경상남도 창원시
54,(주)한진해운,"7,669,598","8,438,459",-9,유가,
55,홈플러스㈜,"7,052,579","7,325,482",-4,외감,서울 강서구
56,메리츠화재해상보험(주),"6,748,219","6,024,615",12,유가,서울 강남구
57,삼성SDI(주),"6,680,136","4,720,208",42,유가,경기도 용인시
58,엘에스니꼬동제련(주),"6,573,527","6,866,393",-4,외감,울산광역시 울주군
59,(주)포스코건설,"6,536,879","7,514,710",-13,외감,경상북도 포항시
60,SK인천석유화학(주),"6,196,104","7,863,345",-21,외감,인천광역시
61,(주)GS리테일,"6,189,348","4,958,374",25,유가,서울 강남구
62,현대엔지니어링㈜,"6,181,216","5,283,429",17,외감,서울 종로구
63,흥국생명보험(주),"5,826,667","4,485,801",30,외감,서울 종로구
64,한화손해보험(주),"5,742,740","5,313,262",8,유가,서울 영등포구
65,엘지이노텍㈜,"5,691,346","5,840,223",-3,유가,서울 중구
66,현대상선(주),"5,509,307","6,271,630",-12,유가,서울 종로구
67,신한생명보험(주),"5,455,498","5,131,880",6,외감,서울 중구
68,삼성전기(주),"5,297,402","5,182,708",2,유가,경기도 수원시
69,한국철도공사,"5,220,739","4,807,631",9,외감,대전광역시 동구
70,아시아나항공(주),"5,204,309","5,552,678",-6,유가,서울 강서구
71,두산중공업(주),"5,146,294","5,496,793",-6,유가,경상남도 창원시
72,(주)한화,"5,098,919","5,057,047",1,유가,서울 중구
73,르노삼성자동차(주),"5,018,326","3,974,387",26,외감,부산광역시 강서구
74,한국남동발전(주),"4,961,711","4,469,415",11,외감,경상남도 진주시
75,삼성엔지니어링(주),"4,922,722","7,472,304",-34,유가,서울 강동구
76,여천NCC(주),"4,697,093","7,138,820",-34,외감,서울 중구
77,ING생명보험㈜,"4,678,032","3,840,808",22,외감,서울 중구
78,동양생명보험(주),"4,654,071","4,206,071",11,유가,서울 종로구
79,씨제이제일제당(주),"4,539,667","4,328,999",5,유가,서울 중구
80,현대삼호중공업(주),"4,504,022","4,172,054",8,외감,전라남도 영암군
81,동국제강(주),"4,489,569","3,604,167",25,유가,서울 중구
82,씨제이대한통운(주),"4,358,425","4,078,826",7,유가,서울 중구
83,삼성에스디에스(주),"4,352,977","4,574,778",-5,유가,서울 송파구
84,(주)호텔롯데,"4,328,511","4,146,882",4,외감,서울 중구
85,한국남부발전(주),"4,317,995","6,209,536",-30,외감,부산광역시 남구
86,(주)비지에프리테일,"4,257,634","3,303,137",29,유가,서울 강남구
87,흥국화재해상보험(주),"4,232,529","3,808,749",11,유가,서울 종로구
88,한국서부발전(주),"4,214,540","4,840,007",-13,외감,충청남도 태안군
89,미래에셋생명보험(주),"4,199,998","3,692,467",14,유가,서울 영등포구
90,롯데건설(주),"4,128,165","4,449,752",-7,외감,서울 서초구
91,고려아연(주),"4,087,040","4,214,905",-3,유가,서울 강남구
92,한국동서발전(주),"4,047,655","4,507,011",-10,외감,울산광역시 중구
93,(주)서브원,"3,954,770","3,784,161",5,외감,서울 종로구
94,한국중부발전(주),"3,927,443","5,041,682",-22,외감,충청남도 보령시
95,한국농어촌공사,"3,900,932","3,345,344",17,외감,전라남도 나주시
96,롯데하이마트(주),"3,896,137","3,754,295",4,유가,서울 강남구
97,KDB생명보험(주),"3,855,658","3,327,800",16,외감,서울 강남구
98,(주)E1,"3,822,716","5,912,088",-35,유가,서울 강남구
99,(주)아모레퍼시픽,"3,757,959","3,182,317",18,유가,서울 중구
100,(주)현대미포조선,"3,701,784","3,365,277",10,유가,울산광역시 중구
101,(주)엘지상사,"3,675,879","3,776,502",-3,유가,서울 영등포구
102,한국수자원공사,"3,650,323","3,657,235",0,외감,대전광역시 대덕구
103,현대종합상사(주),"3,641,767","4,591,025",-21,유가,서울 종로구
104,두산인프라코어(주),"3,488,643","4,196,729",-17,유가,인천광역시 동구
105,에스케이트레이딩인터내셔널(주),"3,476,918","8,063,698",-57,외감,
106,현대파워텍(주),"3,455,082","3,253,110",6,외감,
107,쌍용자동차(주),"3,385,556","3,314,896",2,유가,
108,코오롱인더스트리(주),"3,381,053","3,905,572",-13,유가,
109,한국타이어(주),"3,358,417","3,667,465",-8,유가,
110,현대산업개발(주),"3,347,032","3,152,019",6,유가,
111,한화케미칼(주),"3,269,466","3,579,535",-9,유가,
112,(주)농협손해보험,"3,254,822","3,179,478",2,외감,
113,(주)코스트코코리아,"3,200,014","2,861,897",12,외감,
114,금호석유화학(주),"3,159,552","3,766,992",-16,유가,
115,(주)포스코피앤에스,"3,144,016","3,162,892",-1,외감,
116,메르세데스벤츠코리아(주),"3,141,545","2,204,528",43,외감,
117,(주)만도,"3,094,154","1,047,182",195,유가,
118,(주)코리아세븐,"3,079,967","2,375,559",30,외감,
119,현대로템(주),"3,073,343","2,931,543",5,유가,
120,(주)케이씨씨,"3,067,640","3,032,297",1,유가,
121,(주)엘지생활건강,"3,031,336","2,513,352",21,유가,
122,코오롱글로벌(주),"3,008,627","2,806,793",7,유가,
123,LS전선(주),"2,975,829","3,425,100",-13,외감,
124,한국항공우주산업(주),"2,901,032","2,314,884",25,유가,
125,(주)삼천리,"2,877,278","3,500,333",-18,유가,
126,비엠더블유코리아(주),"2,875,677","2,299,930",25,외감,
127,롯데로지스틱스(주),"2,845,336","2,220,210",28,외감,
128,에스케이가스(주),"2,826,942","4,313,542",-34,유가,
129,(주)케이티앤지,"2,821,671","2,742,561",3,유가,
130,아우디폭스바겐코리아(주),"2,818,537","2,661,917",6,외감,
131,롯데손해보험(주),"2,799,123","2,494,984",12,유가,
132,(주)호텔신라,"2,782,231","2,795,389",0,유가,
133,(주)한화건설,"2,739,420","3,120,615",-12,외감,
134,에스케이브로드밴드(주),"2,731,344","2,654,381",3,외감,
135,(주)아이마켓코리아,"2,605,008","2,456,139",6,유가,
136,(주)대림코퍼레이션,"2,556,359","3,547,175",-28,외감,
137,(주)농협하나로유통,"2,535,330","4,365,082",-42,외감,
138,서울주택도시공사,"2,523,980","3,155,154",-20,외감,
139,경기도시공사,"2,500,033","2,769,010",-10,외감,
140,알리안츠생명보험(주),"2,467,467",,,외감,
141,한화테크윈(주),"2,465,321","2,482,633",-1,유가,
142,금호타이어(주),"2,396,367","2,755,119",-13,유가,
143,SK루브리컨츠(주),"2,376,675","3,025,477",-21,외감,
144,(주)엘지하우시스,"2,370,082","2,440,439",-3,유가,
145,한온시스템(주),"2,273,905","2,342,661",-3,유가,
146,유코카캐리어스(주),"2,269,878","2,481,508",-9,외감,
147,현대다이모스(주),"2,249,929","1,949,441",15,외감,
148,(주)엘지씨엔에스,"2,209,936","2,342,295",-6,외감,
149,롯데칠성음료(주),"2,194,881","2,083,654",5,유가,
150,삼성전자판매(주),"2,180,973","1,971,905",11,외감,
151,OCI(주),"2,174,598","2,307,837",-6,유가,
152,동우화인켐(주),"2,163,916","2,077,404",4,외감,
153,코웨이(주),"2,161,298","2,013,641",7,유가,
154,현대코스모(주),"2,155,732","2,885,284",-25,외감,
155,네이버(주),"2,141,275","1,637,165",31,유가,
156,동부생명보험(주),"2,121,308","1,799,696",18,외감,
157,STX조선해양(주),"2,084,219","2,204,889",-5,외감,
158,SK(주),"2,065,032","1,974,143",5,유가,
159,(주)이랜드리테일,"2,042,527","2,044,100",0,외감,
160,(주)한진중공업,"2,041,347","1,799,016",13,유가,
161,(주)풍산,"2,040,817","2,243,350",-9,유가,
162,한국지역난방공사,"2,001,946","2,369,115",-16,유가,
163,노벨리스코리아(주),"2,000,959","1,962,941",2,외감,
164,메트라이프생명보험(주),"1,977,930","1,857,532",6,외감,
165,라이나생명보험(주),"1,957,556","1,786,952",10,외감,
166,(주)지에스글로벌,"1,926,450","2,507,551",-23,유가,
167,포스코에너지(주),"1,909,919","2,533,673",-25,외감,
168,푸르덴셜생명보험(주),"1,906,523","1,777,362",7,외감,
169,엘아이지넥스원(주),"1,903,224","1,400,104",36,유가,
170,서울보증보험(주),"1,881,027","1,874,348",0,외감,
171,(주)농심,"1,878,665","1,801,320",4,유가,
172,인천국제공항공사,"1,878,516","1,679,761",12,외감,
173,(주)두산,"1,873,556","1,995,373",-6,유가,
174,(주)오뚜기,"1,829,762","1,745,068",5,유가,
175,(주)세아베스틸,"1,826,024","2,202,367",-17,유가,
176,태광산업(주),"1,814,429","2,142,940",-15,유가,
177,피에스앤마케팅(주),"1,791,944","1,616,980",11,외감,
178,(주)에스원,"1,788,782","1,619,767",10,유가,
179,롯데제과(주),"1,775,103","1,704,597",4,유가,
180,(주)이랜드월드,"1,763,102","1,680,293",5,외감,
181,팬오션(주),"1,760,590","1,555,024",13,유가,
182,LS산전(주),"1,753,118","1,827,657",-4,유가,
183,한국바스프(주),"1,751,176","2,062,541",-15,외감,
184,두산건설(주),"1,737,770","2,288,266",-24,유가,
185,(주)파리크라상,"1,727,744","1,653,240",5,외감,
186,대한유화(주),"1,717,484","2,046,146",-16,유가,
187,롯데푸드(주),"1,706,248","1,633,022",4,유가,
188,성동조선해양(주),"1,692,900","696,929",143,외감,
189,SK이노베이션(주),"1,667,200","1,589,721",5,유가,
190,하이트진로(주),"1,663,246","1,605,639",4,유가,
191,삼성웰스토리(주),"1,662,328","1,583,499",5,외감,
192,삼성코닝정밀소재(주),"1,652,911","1,874,329",-12,외감,
193,대상(주),"1,648,286","1,601,117",3,유가,
194,농협경제지주(주),"1,636,344","75,109","2,079",외감,
195,(주)한샘,"1,631,047","1,265,509",29,유가,
196,(주)강원랜드,"1,630,977","1,492,291",9,유가,
197,에스케이플래닛(주),"1,624,630","1,512,492",7,외감,
198,KB생명보험(주),"1,624,225","1,450,593",12,외감,
199,한성자동차(주),"1,620,871","1,266,578",28,외감,
200,에스케이씨(주),"1,616,228","1,899,152",-15,유가,
201,(주)현대케피코,"1,610,395","1,562,666",3,외감,
202,동부제철(주),"1,604,044","2,639,096",-39,유가,
203,볼보그룹코리아(주),"1,595,066","1,748,668",-9,외감,
204,씨제이프레시웨이(주),"1,593,115","1,726,869",-8,코스,
205,한국쓰리엠(주),"1,573,147","1,490,752",6,외감,
206,한화종합화학(주),"1,568,209","1,121,238",40,외감,
207,(주)한진,"1,542,211","1,306,361",18,유가,
208,서울도시가스(주),"1,533,173","1,826,774",-16,유가,
209,금호산업(주),"1,530,257","1,522,760",0,유가,
210,현대라이프생명보험(주),"1,526,660","1,061,754",44,외감,
211,유한킴벌리(주),"1,519,060","1,400,699",8,외감,
212,한국화낙(주),"1,517,759","541,542",180,외감,
213,동서식품(주),"1,506,570","1,501,658",0,외감,
214,(주)부영주택,"1,500,195","1,793,864",-16,외감,
215,오비맥주(주),"1,490,813","1,530,046",-3,외감,
216,(주)신세계,"1,486,079","1,502,015",-1,유가,
217,(주)현대그린푸드,"1,476,016","1,364,600",8,유가,
218,넥센타이어(주),"1,468,927","1,382,130",6,유가,
219,한세실업(주),"1,464,201","1,242,366",18,유가,
220,홈플러스스토어즈(주),"1,460,829","1,601,090",-9,외감,
221,(주)하이프라자,"1,452,959","1,456,821",0,외감,
222,(주)LF,"1,429,859","1,385,279",3,유가,
223,(주)세아제강,"1,426,471","1,870,280",-24,유가,
224,쌍용양회공업(주),"1,416,157","1,387,093",2,유가,
225,(주)서원홀딩스,"1,401,855","1,341,868",4,외감,
226,앰코테크놀로지코리아(주),"1,396,291","1,346,517",4,외감,
227,(주)동원F&B,"1,374,937","1,338,174",3,유가,
228,SK해운(주),"1,369,119","1,369,216",0,외감,
229,(주)농협유통,"1,368,607","1,232,222",11,외감,
230,(주)경신,"1,363,820","1,272,742",7,외감,
231,(주)STX,"1,362,127","1,291,351",5,유가,
232,대한전선(주),"1,360,383","1,617,496",-16,유가,
233,(주)아워홈,"1,354,797","1,272,767",6,외감,
234,한신공영(주),"1,354,597","1,065,603",27,유가,
235,(주)한라,"1,353,399","1,407,803",-4,유가,
236,(주)경동도시가스,"1,352,478","2,399,451",-44,유가,
237,현대엘리베이터(주),"1,347,989","1,211,070",11,유가,
238,고려해운(주),"1,336,936","1,245,126",7,외감,
239,글로벌세아(주),"1,320,428","1,424,910",-7,외감,
240,태광실업(주),"1,318,350","1,060,082",24,외감,
241,한국석유공사,"1,268,562","1,040,991",22,외감,
242,씨제이이앤엠(주),"1,261,748","1,154,128",9,코스,
243,매일유업(주),"1,254,427","1,202,641",4,코스,
244,(주)농협사료,"1,247,164","1,325,102",-6,외감,
245,(주)성우하이텍,"1,246,224","1,049,102",19,코스,
246,코원에너지서비스(주),"1,244,090","1,524,978",-18,외감,
247,(주)유라코퍼레이션,"1,218,370","1,098,941",11,외감,
248,(주)현대백화점,"1,216,059","1,121,050",8,유가,
249,(주)범한판토스,"1,208,368","1,244,846",-3,외감,
250,CJ푸드빌(주),"1,206,275","1,121,129",8,외감,
251,엠지손해보험(주),"1,205,285","1,120,082",8,외감,
252,남양유업(주),"1,204,321","1,126,347",7,유가,
253,롯데렌탈(주),"1,200,028","1,009,823",19,외감,
254,삼성전자서비스(주),"1,188,010","1,358,126",-13,외감,
255,남해화학(주),"1,183,345","1,251,761",-5,유가,
256,서울메트로,"1,182,708","1,114,767",6,외감,
257,(주)씨제이헬로비전,"1,182,613","1,084,790",9,유가,
258,(주)포스코켐텍,"1,175,272","1,330,564",-12,코스,
259,한전KPS(주),"1,171,082","1,078,526",9,유가,
260,(주)삼양사,"1,169,694","1,264,340",-7,유가,
261,DGB생명보험(주),"1,163,110","1,284,314",-9,외감,
262,롯데정밀화학(주),"1,162,113","1,211,718",-4,유가,
263,현대오토에버(주),"1,138,804","982,814",16,외감,
264,(주)영원무역,"1,134,905","1,140,086",0,유가,
265,(주)포워드벤처스,"1,133,752","348,497",225,외감,
266,대한제당(주),"1,127,441","1,158,583",-3,유가,
267,계룡건설산업(주),"1,124,407","1,074,601",5,유가,
268,(주)유한양행,"1,120,937","1,008,180",11,유가,
269,하이호금속(주),"1,119,678","846,159",32,외감,
270,(주)씨제이오쇼핑,"1,119,375","1,277,324",-12,코스,
271,세메스(주),"1,118,970","914,413",22,외감,
272,에프알엘코리아(주),"1,116,905","895,435",25,외감,
273,한미약품(주),"1,113,239","582,023",91,유가,
274,(주)지에스홈쇼핑,"1,091,331","1,060,678",3,코스,
275,신세계건설(주),"1,085,593","835,987",30,유가,
276,(주)케이피아이씨코포레이션,"1,075,007","1,041,713",3,외감,
277,(주)영풍,"1,068,399","1,103,441",-3,유가,
278,한국미니스톱(주),"1,068,340","830,789",29,외감,
279,코카콜라음료(주),"1,065,051","1,000,892",6,외감,
280,희성촉매(주),"1,063,852","1,173,391",-9,외감,
281,한국델파이(주),"1,061,716","1,100,349",-4,외감,
282,(주)서연이화,"1,060,792","477,553",122,유가,
283,(주)에스에이엠티,"1,059,343","983,166",8,코스,
284,인천도시공사,"1,058,795","1,084,411",-2,외감,
285,SPP조선(주),"1,055,958","1,184,610",-11,외감,
286,씨제이올리브네트웍스(주),"1,055,786","345,403",206,외감,
287,(주)부산도시가스,"1,054,182","1,277,764",-18,유가,
288,도시바일렉트로닉스코리아(주),"1,053,938","1,259,332",-16,외감,
289,(주)다이소아성산업,"1,049,336","890,045",18,외감,
290,STX중공업(주),"1,048,430","1,002,439",5,유가,
291,(주)창신INC,"1,043,699","881,266",18,외감,
292,한일시멘트(주),"1,043,595","1,012,431",3,유가,
293,에스케이케미칼(주),"1,039,864","1,232,854",-16,유가,
294,(주)휴맥스,"1,038,035","1,072,433",-3,코스,
295,(주)호반건설,"1,032,253","975,079",6,외감,
296,(주)예스코,"1,031,912","1,233,261",-16,유가,
297,소니코리아(주),"1,031,700","1,303,003",-21,외감,
298,(주)이수화학,"1,030,109","1,476,020",-30,유가,
299,(주)서희건설,"1,025,776","915,530",12,코스,
300,한솔섬유(주),"1,021,300","834,939",22,외감,
301,동서석유화학(주),"1,017,777","1,089,949",-7,외감,
302,(주)한국귀금속쓰리엠,"1,013,848","768,034",32,외감,
303,(주)한양,"1,010,236","1,132,073",-11,외감,
304,(주)지오영,"1,009,077","1,012,342",0,외감,
305,(주)OCI상사,"1,004,419","770,785",30,외감,
306,동두천드림파워(주),"1,003,346",0,,외감,
307,(주)태영건설,"1,002,428","1,109,445",-10,유가,
308,롯데알미늄(주),"999,992","996,712",0,외감,
309,동부대우전자(주),"999,446","1,042,216",-4,외감,
310,엘에스엠트론(주),"992,067","1,023,800",-3,외감,
311,타타대우상용차(주),"987,946","884,079",12,외감,
312,(주)삼립식품,"985,825","1,028,618",-4,유가,
313,현대로지스틱스(주),"984,819","980,748",0,외감,
314,한화호텔앤드리조트(주),"971,833","1,004,621",-3,외감,
315,(주)세아창원특수강,"971,557","1,261,374",-23,외감,
316,악사손해보험(주),"970,203","905,810",7,외감,
317,(주)케이씨씨건설,"969,648","1,000,276",-3,코스,
318,(주)포스코엔지니어링,"964,926","928,505",4,외감,
319,서울반도체(주),"963,649","841,790",14,코스,
320,엘에스글로벌인코퍼레이티드(주),"960,769","763,413",26,외감,
321,(주)롯데리아,"960,108","987,090",-3,외감,
322,세방전지(주),"956,256","955,578",0,유가,
323,쌍용건설(주),"941,316","1,321,279",-29,외감,
324,(주)한국야쿠르트,"937,184","967,394",-3,외감,
325,(주)휴비스,"918,891","1,122,318",-18,유가,
326,(주)한국인삼공사,"917,786","812,795",13,외감,
327,장금상선(주),"916,434","851,675",8,외감,
328,(주)녹십자,"912,911","854,258",7,유가,
329,삼남석유화학(주),"906,665","1,284,144",-29,외감,
330,(주)신세계푸드,"901,318","652,135",38,유가,
331,아디다스코리아(주),"897,432","848,550",6,외감,
332,폴리미래(주),"897,326","962,562",-7,외감,
333,씨제이씨지브이(주),"896,777","864,502",4,유가,
334,삼성전자로지텍(주),"895,837","984,911",-9,외감,
335,(주)삼호,"892,871","860,851",4,유가,
336,(주)현대홈쇼핑,"890,761","867,892",3,유가,
337,엠피씨율촌전력(주),"887,004","1,079,641",-18,외감,
338,(주)신세계인터내셔날,"884,541","846,193",5,유가,
339,지멘스(주),"881,310","851,476",4,외감,
340,넷마블게임즈(주),"878,658","160,617",447,외감,
341,백제약품(주),"878,405","745,563",18,외감,
342,대성에너지(주),"875,355","1,066,912",-18,유가,
343,(주)팜스코,"875,142","839,533",4,유가,
344,S&T모티브(주),"874,269","781,588",12,유가,
345,(주)다스,"873,696","823,808",6,외감,
346,(주)카카오,"862,085","487,805",77,코스,
347,(주)에브리데이리테일,"859,412","774,330",11,외감,
348,한국옵티칼하이테크(주),"854,895","854,196",0,외감,
349,(주)우리홈쇼핑,"854,483","869,241",-2,외감,
350,대한제강(주),"854,402","1,025,981",-17,유가,
351,(주)케이티엠앤에스,"852,778","885,386",-4,외감,
352,(주)문화방송,"849,818","802,440",6,외감,
353,(주)카길애그리퓨리나,"847,161","852,476",-1,외감,
354,머크어드밴스드테크놀러지스(주),"842,433","687,060",23,외감,
355,금호피앤비화학(주),"839,346","1,108,420",-24,외감,
356,한국프랜지공업(주),"833,341","710,988",17,유가,
357,신성통상(주),"826,346","745,408",11,유가,
358,엘지엔시스(주),"824,028","803,161",3,외감,
359,(주)넥슨코리아,"822,166","739,496",11,외감,
360,(주)제일기획,"819,850","882,393",-7,유가,
361,한국아이비엠(주),"819,655","1,054,382",-22,외감,
362,케이에이치에너지(주),"818,472","920,956",-11,외감,
363,덕양산업(주),"815,922","811,901",1,유가,
364,(주)반도건설,"811,557","612,199",33,외감,
365,한국필립모리스(주),"810,871","703,027",15,외감,
366,한국스티롤루션(주),"809,497","1,001,002",-19,외감,
367,아이비케이연금보험(주),"807,777","639,273",26,외감,
368,(주)삼우,"805,134","839,531",-4,외감,
369,(주)포스코아이씨티,"804,863","921,524",-13,코스,
370,흥아해운(주),"801,561","789,251",2,유가,
371,대성산업(주),"801,103","1,057,488",-24,유가,
372,(주)대웅제약,"800,517","727,223",10,유가,
373,(주)이베이코리아,"799,367","733,943",9,외감,
374,(주)빙그레,"795,438","819,872",-3,유가,
375,(주)하림,"794,594","754,061",5,코스,
376,콘티넨탈오토모티브시스템(주),"791,916","854,630",-7,외감,
377,비오토(주),"790,241","204,935",286,외감,
378,포스코강판(주),"788,694","801,982",-2,유가,
379,(주)이테크건설,"788,563","677,699",16,코스,
380,해태제과식품(주),"788,448","680,063",16,유가,
381,아이에스동서(주),"780,109","664,248",17,유가,
382,한국니토옵티칼(주),"778,086","969,230",-20,외감,
383,(주)파트론,"775,979","731,556",6,코스,
384,(주)LG실트론,"775,843","766,141",1,외감,
385,(주)스타벅스커피코리아,"773,900","617,095",25,외감,
386,대원강업(주),"773,297","776,873",0,유가,
387,(주)에스비에스,"772,594","795,687",-3,유가,
388,폴라리스쉬핑(주),"771,913","787,342",-2,외감,
389,포천파워(주),"767,518","746,163",3,외감,
390,풀무원식품(주),"767,056","710,076",8,외감,
391,희성전자(주),"751,465","988,887",-24,외감,
392,(주)대교,"750,318","744,779",1,유가,
393,애경유화(주),"746,340","944,153",-21,유가,
394,동부인천스틸(주),"738,982","723,920",2,외감,
395,대방건설(주),"736,890","477,695",54,외감,
396,(주)일진글로벌,"728,367","638,314",14,외감,
397,진흥기업(주),"727,826","638,102",14,유가,
398,영남에너지서비스(주),"727,252","936,634",-22,외감,
399,(주)이랜드파크,"725,259","588,995",23,외감,
400,경남에너지(주),"723,922","888,760",-19,외감,
401,아주모터스(주),"723,387","681,425",6,외감,
402,(주)히타치엘지데이터스토리지코리아,"722,986","1,033,692",-30,외감,
403,한화탈레스(주),"717,783","678,377",6,외감,
404,가온전선(주),"716,431","827,172",-13,유가,
405,한화엘앤씨(주),"714,015","577,473",24,외감,
406,(주)옥산유통,"712,267","688,830",3,외감,
407,한국암웨이(주),"710,386","874,498",-19,외감,
408,(주)대륜E&S,"710,294","522,677",36,외감,
409,더클래스효성(주),"707,798","751,707",-6,외감,
410,(주)오리온,"707,438",,,유가,
411,국도화학(주),"705,926","668,500",6,유가,
412,(주)한독모터스,"704,910","543,426",30,외감,
413,현대EP(주),"700,460","795,562",-12,유가,
414,(주)현대리바트,"695,732","631,153",10,유가,
415,두산디에스티(주),"693,211","615,614",13,외감,
416,(주)유라,"692,771","411,352",68,외감,
417,두산엔진(주),"692,277","887,765",-22,유가,
418,(주)LS네트웍스,"691,164","845,739",-18,유가,
419,서울특별시도시철도공사,"689,224","647,489",6,외감,
420,현대비앤지스틸(주),"688,953","711,647",-3,유가,
421,일진전기(주),"685,138","785,553",-13,유가,
422,한국철강(주),"684,537","747,148",-8,유가,
423,하나생명보험(주),"683,078","562,297",21,외감,
424,에코플라스틱(주),"681,595","613,904",11,코스,
425,부산도시공사,"679,606","793,604",-14,외감,
426,(주)화승알앤에이,"677,791","663,206",2,유가,
427,(주)네오플,"677,351","635,175",7,외감,
428,깨끗한나라(주),"677,214","656,459",3,유가,
429,(주)지에스이앤알,"676,579","921,960",-27,외감,
430,텍사스인스트루먼트코리아(주),"676,281","737,723",-8,외감,
431,태평양물산(주),"673,437","638,143",6,유가,
432,(주)알파돔시티,"669,954","778,567",-14,외감,
433,중부도시가스(주),"669,180","812,863",-18,외감,
434,(주)동부하이텍,"666,595","567,718",17,유가,
435,(주)삼탄,"661,958","702,834",-6,외감,
436,세운철강(주),"661,861","643,758",3,외감,
437,쿠쿠전자(주),"659,415","554,440",19,유가,
438,(주)티케이케미칼,"658,978","808,487",-18,코스,
439,한국전력기술(주),"657,603","841,917",-22,유가,
440,에스케이이엔에스(주),"655,658","838,612",-22,외감,
441,성신양회(주),"650,769","595,267",9,유가,
442,(주)사조해표,"650,119","629,672",3,유가,
443,데상트코리아(주),"648,971","589,797",10,외감,
444,한국화이자제약(주),"647,426","628,329",3,외감,
445,동부건설(주),"644,194","842,502",-24,유가,
446,도이치모터스(주),"640,133","524,655",22,코스,
447,(주)웅진씽크빅,"639,576","633,160",1,유가,
448,동원산업(주),"639,347","672,336",-5,유가,
449,희성금속(주),"638,710","761,328",-16,외감,
450,STX엔진(주),"633,303","710,738",-11,유가,
451,(주)에스파워,"632,073","56,822","1,012",외감,
452,(주)화승인더스트리,"631,210","226,709",178,유가,
453,에이아이지손해보험(주),"631,184","567,057",11,외감,
454,한화첨단소재(주),"631,088","594,252",6,외감,
455,GS파워(주),"631,048","810,645",-22,외감,
456,제일사료(주),"630,529","650,066",-3,외감,
457,(주)신원,"629,235","594,413",6,유가,
458,제이엑스니폰오일앤에너지코리아(주),"628,810","524,231",20,외감,
459,(주)케이티스카이라이프,"626,398","622,800",1,유가,
460,무림피앤피(주),"625,546","635,670",-2,유가,
461,(주)지오영네트웍스,"624,226","611,842",2,외감,
462,씨앤에스에너지(주),"623,729","890,314",-30,외감,
463,제주국제자유도시개발센터,"623,230","578,926",8,외감,
464,평화정공(주),"622,841","534,963",16,코스,
465,핸즈코퍼레이션(주),"621,338","560,233",11,외감,
466,(주)한미석유,"620,747","711,994",-13,외감,
467,지에스이피에스(주),"617,279","1,209,034",-49,외감,
468,대성전기공업(주),"617,108","584,672",6,외감,
469,중흥토건(주),"616,774","388,276",59,외감,
470,(주)엔씨소프트,"616,604","612,652",1,유가,
471,(주)에이비비코리아,"616,231","490,387",26,외감,
472,(주)한섬,"615,394","509,180",21,유가,
473,대원산업(주),"614,427","526,795",17,코스,
474,(주)프라임글로벌,"613,733","720,984",-15,외감,
475,롯데역사(주),"612,651","651,674",-6,외감,
476,인천도시가스(주),"611,915","799,267",-23,유가,
477,한국무라타전자(주),"611,124","122,884",397,외감,
478,(주)제주항공,"608,059","510,636",19,유가,
479,KPX케미칼(주),"607,749","691,966",-12,유가,
480,고려개발(주),"607,061","686,764",-12,유가,
481,대한조선(주),"606,502","388,343",56,외감,
482,한국단자공업(주),"605,381","555,384",9,유가,
483,(주)세아특수강,"605,070","670,292",-10,유가,
484,롯데정보통신(주),"602,531","560,715",7,외감,
485,(주)리치몬트코리아,"601,304","535,648",12,외감,
486,온라인팜(주),"600,581","507,848",18,외감,
487,(주)교원구몬,"600,022","607,344",-1,외감,
488,(주)화신,"596,770","598,419",0,유가,
489,(주)에스에스오토,"596,704","558,429",7,외감,
490,제일약품(주),"594,716","512,736",16,유가,
491,(주)선진,"594,264","594,896",0,유가,
492,(주)드림플,"593,729","691,508",-14,외감,
493,에스엘(주),"593,584","561,760",6,유가,
494,(주)종근당,"592,493","544,130",9,유가,
495,(주)이니스프리,"592,060","456,666",30,외감,
496,(주)인포트,"591,356","312,749",89,외감,
497,덴소코리아오토모티브(주),"591,273","598,630",-1,외감,
498,(주)대창,"590,375","759,271",-22,유가,
499,현대오트론(주),"588,351","591,116",0,외감,
500,(주)팜한농,"588,239","624,030",-6,외감,
501,케이티커머스(주),"587,504","515,818",14,외감,
502,(주)동진쎄미켐,"587,393","558,433",5,코스,
503,(주)동원홈푸드,"587,301","466,811",26,외감,
504,인터지스(주),"586,601","561,051",5,유가,
505,에이치라인해운(주),"586,023","312,133",88,외감,
506,아사히초자화인테크노한국(주),"585,911",0,,외감,
507,(주)원산업,"585,461","684,799",-15,외감,
508,휴켐스(주),"582,816","96,446",504,유가,
509,(주)메가마트,"581,998","695,241",-16,외감,
510,(주)전주페이퍼,"580,949","610,253",-5,외감,
511,명화공업(주),"579,682","575,761",1,외감,
512,롯데상사(주),"579,601","846,533",-32,외감,
513,(주)농협목우촌,"574,448","507,814",13,외감,
514,(주)LG,"574,117","575,744",0,유가,
515,(주)평화발레오,"572,397","472,307",21,외감,
516,광동제약(주),"572,261","520,973",10,유가,
517,카디프생명보험(주),"571,908","574,079",0,외감,
518,(주)대우로지스틱스,"570,427","605,554",-6,외감,
519,서울석유(주),"569,714","582,457",-2,외감,
520,현대쉘베이스오일(주),"568,792","345,045",65,외감,
521,동아에스티(주),"567,911","568,094",0,유가,
522,(주)삼표산업,"566,685","496,630",14,외감,
523,한국다우케미칼(주),"566,455","571,264",-1,외감,
524,유진기업(주),"565,118","484,039",17,코스,
525,대성산업가스(주),"564,081","460,327",23,외감,
526,(주)서연전자,"563,841","538,060",5,코스,
527,세방(주),"563,697","567,009",-1,유가,
528,동양시멘트(주),"563,038","553,051",2,코스,
529,경남기업(주),"562,411","910,577",-38,외감,
530,(주)동부익스프레스,"561,858","657,327",-15,외감,
531,무림페이퍼(주),"557,323","569,901",-2,유가,
532,(주)해양도시가스,"555,263","666,035",-17,외감,
533,도시바삼성스토리지테크놀러지코리아(주),"554,508","814,761",-32,외감,
534,(주)충남도시가스,"554,075","677,368",-18,외감,
535,(주)삼립지에프에스,"553,176","133,031",316,외감,
536,(주)한주,"549,334","556,322",-1,외감,
537,송원산업(주),"548,661","569,720",-4,유가,
538,(주)에이디티캡스,"546,514","508,085",8,외감,
539,(주)현대에이치앤에스,"546,208","131,896",314,외감,
540,(주)이라이콤,"545,967","517,768",5,코스,
541,대구도시공사,"544,763","277,504",96,외감,
542,(주)아트라스비엑스,"542,113","465,162",17,코스,
543,삼미상사(주),"541,965","499,401",9,외감,
544,티센크루프엘리베이터코리아(주),"541,652","459,208",18,외감,
545,(주)더페이스샵,"540,374","532,985",1,외감,
546,한무쇼핑(주),"539,810","505,365",7,외감,
547,(주)엔투비,"538,804","694,731",-22,외감,
548,한국토요타자동차(주),"538,738","443,070",22,외감,
549,카라이프서비스(주),"538,545","514,070",5,외감,
550,(주)대명레저산업,"537,878","458,177",17,외감,
551,파주전기초자(주),"537,090","638,322",-16,외감,
552,(주)에스에이치비,"536,921","481,249",12,외감,
553,한국파워트레인(주),"536,380","482,844",11,외감,
554,(주)실리콘웍스,"535,837","390,691",37,코스,
555,(주)라인,"534,864","378,938",41,외감,
556,(주)스마일게이트,"534,176","472,213",13,외감,
557,한국제지(주),"531,291","578,112",-8,유가,
558,에이에스이코리아(주),"531,258","512,958",4,외감,
559,금호미쓰이화학(주),"530,898","632,565",-16,외감,
560,솔브레인(주),"529,874","467,899",13,코스,
561,씨제이건설(주),"529,024","306,451",73,외감,
562,(주)셀트리온,"528,784","404,622",31,코스,
563,(주)사람과자연건설,"528,219","129,511",308,외감,
564,에이에스엠엘코리아(주),"525,505","487,501",8,외감,
565,(주)교보문고,"523,465","524,540",0,외감,
566,(주)화승네트웍스,"522,767","569,244",-8,외감,
567,(주)동방,"522,629","508,700",3,유가,
568,파나소닉디바이스세일즈코리아(주),"522,494","613,479",-15,외감,
569,에어프로덕츠코리아(주),"520,534","469,445",11,외감,
570,삼화모터스(주),"520,527","518,672",0,외감,
571,비알코리아(주),"520,244","510,402",2,외감,
572,한솔테크닉스(주),"519,929","562,113",-8,유가,
573,중흥건설(주),"517,240","556,683",-7,외감,
574,현대아이에이치엘(주),"516,707","457,078",13,외감,
575,고진모터스(주),"516,440","466,359",11,외감,
576,(주)두원공조,"515,401","476,685",8,외감,
577,(주)동원개발,"514,967","340,087",51,코스,
578,(주)유성티엔에스,"514,318","537,705",-4,코스,
579,(주)세정,"514,285","540,419",-5,외감,
580,(주)유니드,"514,006","533,089",-4,유가,
581,경창산업(주),"513,547","520,927",-1,코스,
582,LG엠엠에이(주),"513,428","491,186",5,외감,
583,대한주정판매(주),"513,187","498,325",3,외감,
584,(주)에스와이에스리테일,"512,962","541,428",-5,외감,
585,대덕전자(주),"512,597","690,942",-26,유가,
586,(주)포스코에이에스티,"512,333","621,944",-18,외감,
587,발레오전장시스템스코리아(주),"511,059","534,562",-4,외감,
588,현대스틸산업(주),"510,770","468,157",9,외감,
589,에이제이렌터카(주),"510,633","492,212",4,유가,
590,고려제강(주),"509,763","557,169",-9,유가,
591,(주)에스엔엔씨,"509,044","345,836",47,외감,
592,코오롱글로텍(주),"508,658","508,196",0,외감,
593,오뚜기라면(주),"507,996","471,635",8,외감,
594,(주)태안모터스,"507,635","403,008",26,외감,
595,한국콜마(주),"506,556","439,080",15,유가,
596,노틸러스효성(주),"506,418","433,528",17,외감,
597,그랜드코리아레저(주),"505,663","540,680",-6,유가,
598,(주)파워로직스,"503,243","496,962",1,코스,
599,(주)블랙야크,"501,771","572,367",-12,외감,
600,(주)약진통상,"501,022","433,086",16,외감,
601,(주)케이엠앤아이,"500,417","547,148",-9,외감,
602,대한해운(주),"500,142","565,263",-12,유가,
603,충청에너지서비스(주),"499,924","600,869",-17,외감,
604,캐논코리아비즈니스솔루션(주),"499,682","584,721",-15,외감,
605,GS네오텍(주),"498,035","666,898",-25,외감,
606,(주)에스에프에이,"496,565","378,490",31,코스,
607,대보건설(주),"494,019","446,963",11,외감,
608,현대종합금속(주),"493,038","531,080",-7,외감,
609,(주)신세계조선호텔,"491,588","408,636",20,외감,
610,(주)인터플렉스,"489,568","642,764",-24,코스,
611,대우조선해양건설(주),"489,567","579,160",-15,외감,
612,현대그린파워(주),"486,435","503,197",-3,외감,
613,제일건설(주),"484,308","292,742",65,외감,
614,서진산업(주),"483,384","376,511",28,외감,
615,(주)글로벌에셋코리아보험대리점,"481,980","383,975",26,외감,
616,(주)삼동,"481,788","713,296",-32,외감,
617,(주)케이티씨에스,"481,741","438,038",10,유가,
618,화성산업(주),"480,082","420,678",14,유가,
619,(주)코리아써키트,"479,114","446,627",7,유가,
620,삼보E&C(주),"478,786","416,869",15,외감,
621,(주)지에스엔텍,"478,725","321,132",49,외감,
622,신동아건설(주),"477,876","462,902",3,외감,
623,한국알프스(주),"477,769","395,726",21,외감,
624,대덕GDS(주),"476,462","521,639",-9,유가,
625,(주)컴퓨존,"475,824","389,744",22,외감,
626,(주)신도리코,"474,963","457,231",4,유가,
627,(주)교원,"470,468","473,280",-1,외감,
628,조선내화(주),"468,201","491,718",-5,유가,
629,코리아이플랫폼(주),"467,932","492,962",-5,외감,
630,송도국제화복합단지개발(주),"466,556","274,145",70,외감,
631,라파즈한라시멘트(주),"465,823","445,123",5,외감,
632,(주)베바스토동희,"464,198","513,970",-10,외감,
633,대상베스트코(주),"463,554","459,504",1,외감,
634,(주)토비스,"463,196","606,233",-24,코스,
635,씨제이헬스케어(주),"463,114","453,718",2,외감,
636,(주)동서,"462,297","505,158",-8,유가,
637,대동공업(주),"462,238","370,920",25,유가,
638,(주)케이에이치바텍,"461,858","450,139",3,코스,
639,세종공업(주),"461,830","351,056",32,유가,
640,(주)진에어,"461,289",,,외감,
641,(주)케이티스,"461,098","450,663",2,유가,
642,현대엠시트(주),"459,927","480,619",-4,외감,
643,한국조폐공사,"459,487","427,592",7,외감,
644,애경산업(주),"459,430","406,945",13,외감,
645,일동홀딩스(주),"458,569","401,330",14,유가,
646,갑을메탈(주),"457,572","397,145",15,코스,
647,(주)포스코플랜텍,"457,180","618,580",-26,외감,
648,한국노바티스(주),"455,269","454,429",0,외감,
649,(주)원익홀딩스,"454,680","413,259",10,코스,
650,에드워드코리아(주),"454,383","423,689",7,외감,
651,한국다우코닝(주),"453,833","445,995",2,외감,
652,삼화페인트공업(주),"453,640","467,335",-3,유가,
653,삼환기업(주),"453,608","510,331",-11,외감,
654,(주)단석산업,"453,555","418,328",8,외감,
655,(주)세진중공업,"453,318","441,463",3,유가,
656,오-덱(주),"452,700","335,905",35,외감,
657,롯데엠알시(주),"452,301","616,181",-27,외감,
658,한전KDN(주),"451,678","458,960",-2,외감,
659,덴소코리아일렉트로닉스(주),"450,787","454,039",-1,외감,
660,더케이손해보험(주),"449,884","379,809",18,외감,
661,(주)경동나비엔,"448,302","382,392",17,유가,
662,(주)서한,"448,081","473,454",-5,코스,
663,지엠비코리아(주),"446,880","453,520",-1,유가,
664,사조동아원(주),"446,851","459,441",-3,유가,
665,삼부토건(주),"446,798","526,158",-15,유가,
666,요진개발(주),"446,373","269,918",65,외감,
667,(주)파라다이스,"444,511","490,022",-9,코스,
668,(주)동부메탈,"443,642","499,272",-11,외감,
669,S&T중공업(주),"443,176","504,533",-12,유가,
670,경상북도개발공사,"442,694","236,729",87,외감,
671,요진건설산업(주),"440,246","269,336",63,외감,
672,애터미(주),"440,126","315,765",39,외감,
673,(주)대유에이텍,"439,532","563,652",-22,유가,
674,다함하비오(주),"437,286","178,108",146,외감,
675,(주)비아다빈치,"437,251","412,035",6,외감,
676,PCA생명보험(주),"437,212","437,879",0,외감,
677,코리아오토글라스(주),"437,147","429,725",2,유가,
678,(주)태우,"436,948","550,846",-21,외감,
679,인지컨트롤스(주),"436,482","403,680",8,유가,
680,(주)딜라이브,"436,452","470,605",-7,외감,
681,율촌화학(주),"436,229","451,935",-3,유가,
682,(주)LG생명과학,"435,447","411,780",6,유가,
683,(주)디섹,"435,063","453,657",-4,외감,
684,만도헬라일렉트로닉스(주),"435,000","396,158",10,외감,
685,JW중외제약(주),"434,352","412,791",5,유가,
686,(주)대원컴퓨터,"434,238","479,213",-9,외감,
687,한양이엔지(주),"434,072","388,754",12,코스,
688,라인플러스(주),"434,054","290,157",50,외감,
689,서한산업(주),"432,296","588,364",-27,외감,
690,(주)센트랄,"432,201","392,997",10,외감,
691,씨에스유통(주),"431,707","430,897",0,외감,
692,대원전선(주),"431,517","404,801",7,유가,
693,에스케이텔링크(주),"431,368","465,463",-7,외감,
694,(주)대유위니아,"431,198","381,200",13,외감,
695,(주)크라운제과,"430,980","420,760",2,유가,
696,희성피엠텍(주),"430,258","469,377",-8,외감,
697,(주)사조대림,"429,808","405,812",6,유가,
698,한국로디아(주),"429,621","494,332",-13,외감,
699,한국공항(주),"429,134","438,214",-2,유가,
700,대주중공업(주),"427,365","481,288",-11,외감,
701,하이로지스틱스(주),"424,599","412,541",3,외감,
702,동화기업(주),"423,878","395,784",7,코스,
703,(주)협성건설,"423,730","244,929",73,외감,
704,(주)니프코코리아,"423,705","395,773",7,외감,
705,부산항만공사,"423,555","337,182",26,외감,
706,(주)한익스프레스,"421,853","346,462",22,유가,
707,(주)엠씨넥스,"421,493","378,395",11,코스,
708,(주)델코,"421,366","401,517",5,외감,
709,(주)이노션,"421,333","395,203",7,유가,
710,(주)경신전선,"421,111","462,086",-9,외감,
711,(주)노루페인트,"419,624","415,584",1,유가,
712,금호폴리켐(주),"419,389","415,256",1,외감,
713,(주)노브랜드,"419,359","375,259",12,외감,
714,이수건설(주),"419,292","344,684",22,외감,
715,양우건설(주),"418,286","300,004",39,외감,
716,아세아시멘트(주),"417,862","399,629",5,유가,
717,(주)케이티디에스,"417,080","353,280",18,외감,
718,남양공업(주),"416,997","409,066",2,외감,
719,와이케이스틸(주),"416,327","546,992",-24,외감,
720,패션그룹형지(주),"414,661","400,986",3,외감,
721,(주)컴투스,"414,658","205,160",102,코스,
722,한화에너지(주),"414,088","459,465",-10,외감,
723,(주)메타넥스코리아,"413,937","474,129",-13,외감,
724,(주)푸드머스,"413,730","386,261",7,외감,
725,한국제강(주),"413,521","427,578",-3,외감,
726,존슨콘트롤즈오토모티브코리아(주),"412,613","389,724",6,외감,
727,한국오광(주),"411,027","339,156",21,외감,
728,기보스틸(주),"409,250","466,109",-12,외감,
729,(주)디에이치엘코리아,"408,867","411,313",-1,외감,
730,(주)성주디앤디,"408,157","494,286",-17,외감,
731,아주산업(주),"407,765","321,942",27,외감,
732,현대종합특수강(주),"407,395","418,494",-3,외감,
733,포르쉐코리아(주),"406,845","287,784",41,외감,
734,(주)엔에스쇼핑,"405,577","390,396",4,유가,
735,(주)에이씨티,"403,943","134,856",200,외감,
736,(주)팜스토리,"403,834","404,859",0,코스,
737,광주광역시도시공사,"402,434","272,348",48,외감,
738,보령제약(주),"401,350","359,491",12,유가,
739,제이에스알마이크로코리아(주),"400,828","362,561",11,외감,
740,대양석유(주),"399,115","342,474",17,외감,
741,(주)루멘스,"398,884","500,434",-20,코스,
742,한화에스앤씨(주),"398,727","411,618",-3,외감,
743,동양이엔피(주),"398,103","369,780",8,코스,
744,(주)에이비씨마트코리아,"397,641","371,774",7,외감,
745,(주)이씨엠디,"395,371","363,409",9,외감,
746,(주)참프레,"392,889","243,148",62,외감,
747,유카로오토모빌(주),"392,602","319,984",23,외감,
748,한국후지제록스(주),"391,861","382,097",3,외감,
749,브리티쉬아메리칸토바코코리아(주),"391,030","452,107",-14,외감,
750,(주)대한모터스,"390,812","401,434",-3,외감,
751,(주)신영,"390,427","333,136",17,외감,
752,(주)한중푸드,"387,997","327,865",18,외감,
753,중흥에스클래스(주),"387,646","220,114",76,외감,
754,(주)신안,"386,632","272,467",42,외감,
755,동아타이어공업(주),"385,393","438,360",-12,유가,
756,(주)심텍,"385,130","303,237",27,코스,
757,어플라이드머티어리얼즈코리아(주),"384,416","267,860",44,외감,
758,중봉건설(주),"383,753","369,092",4,외감,
759,자일대우버스(주),"383,747","384,377",0,외감,
760,대림자동차공업(주),"383,122",,,외감,
761,하이에어코리아(주),"382,459","409,730",-7,외감,
762,동일석유(주),"380,797","449,634",-15,외감,
763,(주)영원아웃도어,"380,216","532,080",-29,외감,
764,평택에너지서비스(주),"379,726","814,447",-53,외감,
765,한국유에스씨전자(주),"379,301","433,276",-12,외감,
766,남성해운(주),"378,635","380,606",-1,외감,
767,(주)인터파크,"378,477","374,209",1,코스,
768,환영철강공업(주),"378,219","383,451",-1,외감,
769,무진전자(주),"378,040","274,523",38,외감,
770,금호고속(주),"378,002","397,978",-5,외감,
771,에어부산(주),"377,964","350,981",8,외감,
772,에스티엑스건설(주),"377,838","588,197",-36,외감,
773,페어차일드코리아반도체(주),"377,704","305,296",24,외감,
774,(주)에스아이플렉스,"377,640","441,496",-14,외감,
775,(주)풍인무역,"377,212","343,336",10,외감,
776,(주)온코퍼레이션,"376,255","455,257",-17,외감,
777,우미건설(주),"375,716","382,490",-2,외감,
778,(주)오텍캐리어,"375,580","325,926",15,외감,
779,(주)미래엔서해에너지,"375,424","656,285",-43,외감,
780,(주)테크팩솔루션,"375,296","345,193",9,외감,
781,프렉스에어코리아(주),"374,766","331,774",13,외감,
782,(주)한국축산의희망서울사료,"373,489","376,087",-1,외감,
783,코오롱패션머티리얼(주),"372,830","479,689",-22,유가,
784,디아지오코리아(주),"372,602","366,552",2,외감,
785,코스맥스(주),"372,482","246,823",51,유가,
786,(주)삼양제넥스,"371,628","367,104",1,외감,
787,(주)팔도,"371,278","329,984",13,외감,
788,(주)개성약품,"371,271","350,400",6,외감,
789,아세아제지(주),"370,816","371,614",0,유가,
790,베르디움건설(주),"370,170","161,416",129,외감,
791,(주)에프앤에프,"369,784","301,122",23,유가,
792,코오롱베니트(주),"369,723","342,302",8,외감,
793,(주)대한솔루션,"369,259","340,165",9,외감,
794,한솔로지스틱스(주),"368,605","384,170",-4,유가,
795,한국에스엠씨공압(주),"367,596","330,768",11,외감,
796,홍덕산업(주),"367,469","321,265",14,외감,
797,(주)바바리안모터스,"367,326","300,242",22,외감,
798,케이투코리아(주),"366,779","407,495",-10,외감,
799,동원시스템즈(주),"366,756","329,416",11,유가,
800,(주)부산롯데호텔,"366,639","339,885",8,외감,
801,남선석유(주),"366,500","328,427",12,외감,
802,한솔아트원제지(주),"365,554","349,150",5,유가,
803,(주)태웅,"365,347","411,545",-11,코스,
804,사조산업(주),"364,163","404,707",-10,유가,
805,에이스생명보험(주),"364,111","257,732",41,외감,
806,동아제약(주),"363,575","348,477",4,외감,
807,현대시멘트(주),"363,188","325,072",12,유가,
808,(주)필립스전자,"362,429","505,948",-28,외감,
809,(주)티제이팜,"362,238","313,487",16,외감,
810,(주)대홍기획,"361,382","328,003",10,외감,
811,(주)영우디지탈,"360,743","310,200",16,외감,
812,(주)하나투어,"360,012","315,418",14,유가,
813,(주)프라코,"359,793","300,876",20,외감,
814,(주)풍국산업,"359,773","320,690",12,외감,
815,에이케이켐텍(주),"359,709","441,354",-19,외감,
816,(주)티엠씨,"359,358","368,027",-2,외감,
817,(주)올품,"359,149","346,621",4,외감,
818,예스이십사(주),"358,638","353,652",1,코스,
819,(주)한독,"358,477","348,311",3,유가,
820,청호나이스(주),"358,427","342,609",5,외감,
821,(주)동양매직,"357,406","310,252",15,외감,
822,(주)휴스틸,"357,232","572,488",-38,유가,
823,동양물산기업(주),"357,167","342,316",4,유가,
824,로옴세미컨덕터코리아(주),"356,748","380,438",-6,외감,
825,태양금속공업(주),"356,671","364,911",-2,유가,
826,(주)한화갤러리아,"356,295","357,561",0,외감,
827,(주)에이블씨엔씨,"356,181","398,501",-11,유가,
828,가온미디어(주),"356,107","341,028",4,코스,
829,프라다코리아(주),"355,089","351,038",1,외감,
830,(주)동성모터스,"354,882","296,677",20,외감,
831,(주)아이피케이,"354,119","297,797",19,외감,
832,엔브이에이치코리아(주),"353,973","320,370",10,코스,
833,(주)국민행복기금,"353,673","374,312",-6,외감,
834,비에이치아이(주),"353,502","495,071",-29,코스,
835,금강공업(주),"353,372","452,490",-22,유가,
836,(주)홈앤쇼핑,"353,242","377,911",-7,외감,
837,한국이엠씨컴퓨터시스템즈(주),"352,658","323,447",9,외감,
838,(주)대한금속,"352,627","423,256",-17,외감,
839,(주)에스엠알풍정,"351,808","329,439",7,외감,
840,에스케이텔레시스(주),"351,046","395,736",-11,외감,
841,두원중공업(주),"350,470","347,367",1,외감,
842,(주)남선알미늄,"350,318","341,293",3,유가,
843,동국산업(주),"350,208","348,321",1,코스,
844,(주)TCC동양,"350,075","401,324",-13,유가,
845,(주)오산로지스틱스,"350,000",0,,외감,
846,신성약품(주),"349,819","309,486",13,외감,
847,(주)케이알산업,"349,017","483,503",-28,외감,
848,쌍용레미콘(주),"348,245","293,791",19,외감,
849,(주)인천약품,"347,366","311,833",11,외감,
850,휠라코리아(주),"346,805","397,490",-13,유가,
851,(주)캠시스,"346,207","295,069",17,코스,
852,(주)대성엘텍,"346,124","387,258",-11,코스,
853,(주)동성화인텍,"345,919","420,799",-18,코스,
854,공신테크노소닉(주),"345,673","416,989",-17,외감,
855,(주)디젠,"343,866","297,856",15,외감,
856,(주)금성백조주택,"343,392","320,138",7,외감,
857,(주)포스코엠텍,"343,224","432,236",-21,코스,
858,디에스네트웍스(주),"343,103","165,103",108,외감,
859,배곧신도시지역특성화타운(주),"342,900","8,061","4,154",외감,
860,한림건설(주),"341,497","477,751",-29,외감,
861,광림통상(주),"340,831","308,832",10,외감,
862,대한제분(주),"340,671","364,204",-6,유가,
863,중원종합건설(주),"340,051","224,521",51,외감,
864,(주)동양,"339,749","299,406",13,유가,
865,(주)승진상사,"339,530","430,948",-21,외감,
866,듀폰코리아(주),"339,326","491,183",-31,외감,
867,(주)로엔엔터테인먼트,"338,873","315,198",8,코스,
868,하이호경금속(주),"337,890","277,721",22,외감,
869,(주)조선일보사,"337,694","339,273",0,외감,
870,(주)에스엘라이팅,"336,102","380,179",-12,외감,
871,(주)서령개발,"335,576","269,023",25,외감,
872,(주)비에이치,"333,975","293,595",14,코스,
873,(주)에스텍시스템,"333,393","315,551",6,외감,
874,삼보산업(주),"330,366","342,536",-4,코스,
875,(주)동희산업,"330,283","240,818",37,외감,
876,(주)나무가,"330,072","193,918",70,코스,
877,(주)포스코티엠씨,"329,231","320,403",3,외감,
878,(주)디아이씨,"328,714","317,363",4,유가,
879,지엘메트로시티(주),"327,499",0,,외감,
880,(주)에스에프에이반도체,"326,942","335,631",-3,코스,
881,엔피씨(주),"326,901","299,163",9,유가,
882,(주)한국로렉스,"325,983","96,465",238,외감,
883,델인터내셔널(주),"324,764","345,419",-6,외감,
884,태림포장(주),"324,524","352,047",-8,유가,
885,히로세코리아(주),"324,473","408,693",-21,외감,
886,한전산업개발(주),"324,162","329,215",-2,유가,
887,엠케이전자(주),"323,894","381,237",-15,코스,
888,동국실업(주),"323,653","295,918",9,유가,
889,삼성비피화학(주),"322,818","413,869",-22,외감,
890,(주)동화면세점,"322,589","292,819",10,외감,
891,(주)리드코프,"322,346","314,666",2,코스,
892,(주)한국로슈,"321,777","281,137",14,외감,
893,대한사료(주),"321,752","348,754",-8,외감,
894,능원금속공업(주),"321,303","340,333",-6,외감,
895,대구그린파워(주),"321,273","43,908",632,외감,
896,위본모터스(주),"321,250","281,013",14,외감,
897,(주)드림텍,"320,822","399,888",-20,외감,
898,(주)케이티에스테이트,"320,253","277,386",15,외감,
899,일신방직(주),"319,529","310,813",3,유가,
900,(주)세아엘앤에스,"319,152","307,356",4,외감,
901,에어리퀴드코리아(주),"319,143","440,268",-28,외감,
902,파밀리에건설(주),"318,751","6,932","4,498",외감,
903,평화산업(주),"318,052","237,250",34,유가,
904,(주)디스플레이테크,"318,044","429,635",-26,코스,
905,에스에이피코리아(주),"317,151","289,895",9,외감,
906,(주)티에스케이워터,"317,087","235,517",35,외감,
907,(주)유라하네스,"316,318","300,031",5,외감,
908,EG건설(주),"316,062","295,953",7,외감,
909,스투트가르트스포츠카(주),"315,673","256,165",23,외감,
910,(주)SG세계물산,"315,377","340,529",-7,유가,
911,SK네트웍스서비스(주),"313,461","265,825",18,외감,
912,린나이코리아(주),"313,380","308,449",2,외감,
913,푸른위례프로젝트(주),"313,349","67,808",362,외감,
914,지에스엠비즈(주),"312,933","250,538",25,외감,
915,일진디스플레이(주),"312,207","454,231",-31,유가,
916,서울바이오시스 (주),"312,077","297,257",5,외감,
917,(주)에스엘라이텍,"310,916","282,979",10,외감,
918,(주)유니에스,"310,380","284,839",9,외감,
919,(주)엠에스오토텍,"310,355","316,826",-2,코스,
920,(주)잇츠스킨,"309,562","241,884",28,유가,
921,(주)용산,"309,412","279,852",11,외감,
922,미창석유공업(주),"309,317","355,666",-13,유가,
923,(주)글락소스미스클라인,"309,299","399,498",-23,외감,
924,선창산업(주),"309,257","277,527",11,유가,
925,울산아로마틱스(주),"309,253","229,376",35,외감,
926,(주)덕양에너젠,"309,183","313,984",-2,외감,
927,자일대우자동차판매(주),"309,157","313,289",-1,외감,
928,동일산업(주),"308,237","364,150",-15,유가,
929,한국미쓰비시전기오토메이션(주),"307,881","306,325",1,외감,
930,(주)경방,"307,744","256,979",20,유가,
931,오리온엔지니어드카본즈(주),"307,563","371,541",-17,외감,
932,케어캠프(주),"307,188","272,018",13,외감,
933,(주)경동사,"307,123","244,615",26,외감,
934,한국아스트라제네카(주),"306,779","318,707",-4,외감,
935,(주)케이지이니시스,"306,754","298,476",3,코스,
936,(주)대성스틸,"306,648","305,653",0,외감,
937,성창E&C(주),"306,621","305,213",0,외감,
938,금강(주),"306,543","326,843",-6,외감,
939,(주)케이티이엔지코어,"305,587","267,807",14,외감,
940,에이케이에스앤디(주),"305,467","331,273",-8,외감,
941,효성아이티엑스(주),"305,093","277,137",10,유가,
942,(주)부영,"304,849","415,556",-27,외감,
943,(주)제이피홀딩스피에프브이,"304,054","245,323",24,외감,
944,한일제관(주),"303,600","323,685",-6,외감,
945,코레일공항철도(주),"303,359","377,698",-20,외감,
946,(주)에넥스,"302,974","258,341",17,유가,
947,남광토건(주),"302,389","278,638",9,유가,
948,성우오토모티브(주),"301,791","882,961",-66,외감,
949,뉴스킨코리아(주),"301,730","311,671",-3,외감,
950,케이티텔레캅(주),"300,648","257,029",17,외감,
951,바이엘코리아(주),"300,215","334,118",-10,외감,
952,(주)에스지홀딩스,"299,442","258,107",16,외감,
953,(주)에스에너지,"299,268","260,301",15,코스,
954,(주)에버다임,"298,961","291,612",3,코스,
955,(주)건화,"298,907","276,935",8,외감,
956,엘지에릭슨(주),"297,352","343,210",-13,외감,
957,(주)대명건설,"296,934","184,738",61,외감,
958,삼광글라스(주),"296,449","283,830",4,유가,
959,장금마리타임(주),"296,196","248,349",19,외감,
960,한국컴퓨터(주),"295,919","363,261",-19,코스,
961,한국엔에스케이(주),"295,688","272,682",8,외감,
962,유니퀘스트(주),"295,667","282,064",5,유가,
963,대림씨엔에스(주),"295,452","257,906",15,유가,
964,(주)천재교육,"294,955","273,186",8,외감,
965,상신브레이크(주),"294,441","283,669",4,유가,
966,에스케이머티리얼즈(주),"294,226","196,220",50,코스,
967,(주)경기고속,"293,991","295,112",0,외감,
968,(주)벽산,"293,985","285,568",3,유가,
969,한국엔지니어링플라스틱(주),"293,755","288,339",2,외감,
970,(주)동아지질,"292,756","287,905",2,유가,
971,(주)코스콤,"292,357","280,304",4,외감,
972,경북광유(주),"291,746","299,164",-2,외감,
973,(주)동아일보사,"291,716","285,655",2,외감,
974,한성기업(주),"291,547","287,155",2,유가,
975,경남스틸(주),"291,241","289,478",1,코스,
976,(주)케이씨텍,"291,168","231,612",26,유가,
977,(주)한솔케미칼,"290,203","277,931",4,유가,
978,부산교통공사,"289,705","292,938",-1,외감,
979,이스타항공(주),"289,424","270,076",7,외감,
980,호전실업(주),"289,118","245,149",18,외감,
981,엔에이치엔비즈니스플랫폼(주),"289,038","281,111",3,외감,
982,DK유아이엘(주),"288,576","267,867",8,코스,
983,해원에스티(주),"288,231","290,919",-1,외감,
984,대선조선(주),"287,009","245,185",17,외감,
985,신한기계(주),"286,632","343,239",-16,외감,
986,태경농산(주),"286,424","278,069",3,외감,
987,클라쎄오토(주),"285,998","239,118",20,외감,
988,(주)한일맨파워,"285,997","212,410",35,외감,
989,(주)일진베어링,"285,850","262,539",9,외감,
